participant.code,response,round_no,discussion_grp,forced_response,participant.scenario,participant.anticonformist,participant.group_size,neighbors_response,participant.treatment,participant.beta,neighbors
5hpzljkv,-1.0,0,,,s2_n,1,N08,,Anticonformist,0.5,
5hpzljkv,-1.0,1,"['yhb6j30f', 'k3uyxkex', 'xqv346fl']",0.0,s2_n,1,N08,"[1.0, -1.0, -1.0]",Anticonformist,0.5,"1.0,-1.0,-1.0"
5hpzljkv,-1.0,2,"['e7yqt270', 'fd57dx7c', 'xqv346fl']",0.0,s2_n,1,N08,"[0.0, 1.0, 1.0]",Anticonformist,0.5,"0.0,1.0,1.0"
5hpzljkv,-1.0,3,"['fd57dx7c', 'k3uyxkex', '9nom3o3o']",0.0,s2_n,1,N08,"[1.0, -1.0, -1.0]",Anticonformist,0.5,"1.0,-1.0,-1.0"
5hpzljkv,-1.0,4,"['e7yqt270', '9nom3o3o', 'xqv346fl']",0.0,s2_n,1,N08,"[1.0, -1.0, -1.0]",Anticonformist,0.5,"1.0,-1.0,-1.0"
5hpzljkv,-1.0,5,"['e7yqt270', 'fd57dx7c', 'yhb6j30f']",0.0,s2_n,1,N08,"[1.0, 1.0, -1.0]",Anticonformist,0.5,"1.0,1.0,-1.0"
5hpzljkv,-1.0,6,"['yhb6j30f', 'e7yqt270', 'xqv346fl']",0.0,s2_n,1,N08,"[-1.0, 1.0, -1.0]",Anticonformist,0.5,"-1.0,1.0,-1.0"
5hpzljkv,-1.0,7,"['9nom3o3o', 'k3uyxkex', 'xqv346fl']",0.0,s2_n,1,N08,"[-1.0, -1.0, -1.0]",Anticonformist,0.5,"-1.0,-1.0,-1.0"
5hpzljkv,-1.0,8,"['yhb6j30f', 'fd57dx7c', 'k3uyxkex']",0.0,s2_n,1,N08,"[-1.0, 1.0, -1.0]",Anticonformist,0.5,"-1.0,1.0,-1.0"
5hpzljkv,-1.0,9,"['yogts1y3', 'k3uyxkex', 'xqv346fl']",0.0,s2_n,1,N08,"[1.0, 1.0, 1.0]",Anticonformist,0.5,"1.0,1.0,1.0"
5hpzljkv,-1.0,10,"['e7yqt270', 'yhb6j30f', 'xqv346fl']",0.0,s2_n,1,N08,"[0.0, 1.0, -1.0]",Anticonformist,0.5,"0.0,1.0,-1.0"
5hpzljkv,-1.0,11,"['yogts1y3', 'yhb6j30f', 'fd57dx7c']",0.0,s2_n,1,N08,"[1.0, 1.0, 1.0]",Anticonformist,0.5,"1.0,1.0,1.0"
5hpzljkv,-1.0,12,"['yogts1y3', 'fd57dx7c', 'xqv346fl']",0.0,s2_n,1,N08,"[1.0, 1.0, 1.0]",Anticonformist,0.5,"1.0,1.0,1.0"
5hpzljkv,-1.0,13,"['e7yqt270', 'fd57dx7c', 'yogts1y3']",0.0,s2_n,1,N08,"[0.0, 1.0, 1.0]",Anticonformist,0.5,"0.0,1.0,1.0"
5hpzljkv,-1.0,14,"['xqv346fl', 'k3uyxkex', '9nom3o3o']",0.0,s2_n,1,N08,"[-1.0, -1.0, -1.0]",Anticonformist,0.5,"-1.0,-1.0,-1.0"
5hpzljkv,-1.0,15,"['fd57dx7c', '9nom3o3o', 'k3uyxkex']",0.0,s2_n,1,N08,"[1.0, -1.0, -1.0]",Anticonformist,0.5,"1.0,-1.0,-1.0"
5hpzljkv,0.0,16,"['yhb6j30f', 'xqv346fl', '9nom3o3o']",0.0,s2_n,1,N08,"[1.0, 1.0, -1.0]",Anticonformist,0.5,"1.0,1.0,-1.0"
5hpzljkv,0.0,17,"['fd57dx7c', 'yogts1y3', 'k3uyxkex']",0.0,s2_n,1,N08,"[1.0, 1.0, -1.0]",Anticonformist,0.5,"1.0,1.0,-1.0"
5hpzljkv,-1.0,18,"['e7yqt270', 'yogts1y3', 'k3uyxkex']",0.0,s2_n,1,N08,"[0.0, 1.0, -1.0]",Anticonformist,0.5,"0.0,1.0,-1.0"
5hpzljkv,-1.0,19,"['yogts1y3', 'xqv346fl', 'k3uyxkex']",0.0,s2_n,1,N08,"[1.0, -1.0, -1.0]",Anticonformist,0.5,"1.0,-1.0,-1.0"
5hpzljkv,-1.0,20,"['e7yqt270', 'k3uyxkex', '9nom3o3o']",0.0,s2_n,1,N08,"[0.0, -1.0, -1.0]",Anticonformist,0.5,"0.0,-1.0,-1.0"
9nom3o3o,-1.0,0,,,s2_n,0,N08,,Conformist,0.5,
9nom3o3o,-1.0,1,"['yhb6j30f', 'fd57dx7c', 'k3uyxkex']",0.0,s2_n,0,N08,"[1.0, 1.0, -1.0]",Conformist,0.5,"1.0,1.0,-1.0"
9nom3o3o,-1.0,2,"['xqv346fl', '5hpzljkv', 'k3uyxkex']",0.0,s2_n,0,N08,"[1.0, -1.0, -1.0]",Conformist,0.5,"1.0,-1.0,-1.0"
9nom3o3o,-1.0,3,"['yogts1y3', 'e7yqt270', 'fd57dx7c']",0.0,s2_n,0,N08,"[1.0, 1.0, 1.0]",Conformist,0.5,"1.0,1.0,1.0"
9nom3o3o,-1.0,4,"['fd57dx7c', 'k3uyxkex', 'xqv346fl']",0.0,s2_n,0,N08,"[1.0, -1.0, -1.0]",Conformist,0.5,"1.0,-1.0,-1.0"
9nom3o3o,-1.0,5,"['k3uyxkex', 'xqv346fl', '5hpzljkv']",0.0,s2_n,0,N08,"[-1.0, -1.0, -1.0]",Conformist,0.5,"-1.0,-1.0,-1.0"
9nom3o3o,-1.0,6,"['yhb6j30f', '5hpzljkv', 'xqv346fl']",0.0,s2_n,0,N08,"[-1.0, -1.0, -1.0]",Conformist,0.5,"-1.0,-1.0,-1.0"
9nom3o3o,-1.0,7,"['yogts1y3', 'yhb6j30f', 'fd57dx7c']",0.0,s2_n,0,N08,"[1.0, -1.0, 1.0]",Conformist,0.5,"1.0,-1.0,1.0"
9nom3o3o,-1.0,8,"['e7yqt270', 'yogts1y3', '5hpzljkv']",0.0,s2_n,0,N08,"[1.0, 1.0, -1.0]",Conformist,0.5,"1.0,1.0,-1.0"
9nom3o3o,-1.0,9,"['fd57dx7c', 'yhb6j30f', 'yogts1y3']",0.0,s2_n,0,N08,"[1.0, -1.0, 1.0]",Conformist,0.5,"1.0,-1.0,1.0"
9nom3o3o,-1.0,10,"['5hpzljkv', 'k3uyxkex', 'xqv346fl']",0.0,s2_n,0,N08,"[-1.0, 1.0, -1.0]",Conformist,0.5,"-1.0,1.0,-1.0"
9nom3o3o,-1.0,11,"['e7yqt270', 'k3uyxkex', 'xqv346fl']",0.0,s2_n,0,N08,"[0.0, -1.0, 1.0]",Conformist,0.5,"0.0,-1.0,1.0"
9nom3o3o,-1.0,12,"['yhb6j30f', 'fd57dx7c', '5hpzljkv']",0.0,s2_n,0,N08,"[1.0, 1.0, -1.0]",Conformist,0.5,"1.0,1.0,-1.0"
9nom3o3o,-1.0,13,"['yhb6j30f', 'fd57dx7c', 'yogts1y3']",0.0,s2_n,0,N08,"[-1.0, 1.0, 1.0]",Conformist,0.5,"-1.0,1.0,1.0"
9nom3o3o,-1.0,14,"['5hpzljkv', 'xqv346fl', 'k3uyxkex']",0.0,s2_n,0,N08,"[-1.0, -1.0, -1.0]",Conformist,0.5,"-1.0,-1.0,-1.0"
9nom3o3o,-1.0,15,"['e7yqt270', '5hpzljkv', 'k3uyxkex']",0.0,s2_n,0,N08,"[1.0, -1.0, -1.0]",Conformist,0.5,"1.0,-1.0,-1.0"
9nom3o3o,-1.0,16,"['yhb6j30f', 'fd57dx7c', 'k3uyxkex']",0.0,s2_n,0,N08,"[1.0, 1.0, -1.0]",Conformist,0.5,"1.0,1.0,-1.0"
9nom3o3o,-1.0,17,"['fd57dx7c', 'yogts1y3', 'xqv346fl']",0.0,s2_n,0,N08,"[1.0, 1.0, 1.0]",Conformist,0.5,"1.0,1.0,1.0"
9nom3o3o,-1.0,18,"['e7yqt270', 'xqv346fl', 'k3uyxkex']",0.0,s2_n,0,N08,"[0.0, 0.0, -1.0]",Conformist,0.5,"0.0,0.0,-1.0"
9nom3o3o,-1.0,19,"['e7yqt270', 'xqv346fl', 'k3uyxkex']",0.0,s2_n,0,N08,"[1.0, -1.0, -1.0]",Conformist,0.5,"1.0,-1.0,-1.0"
9nom3o3o,-1.0,20,"['yogts1y3', '5hpzljkv', 'xqv346fl']",0.0,s2_n,0,N08,"[1.0, -1.0, 1.0]",Conformist,0.5,"1.0,-1.0,1.0"
e7yqt270,1.0,0,,,s2_n,1,N08,,Anticonformist,0.5,
e7yqt270,0.0,1,"['9nom3o3o', 'yogts1y3', 'fd57dx7c']",0.0,s2_n,1,N08,"[-1.0, 1.0, 1.0]",Anticonformist,0.5,"-1.0,1.0,1.0"
e7yqt270,0.0,2,"['yhb6j30f', 'yogts1y3', 'fd57dx7c']",0.0,s2_n,1,N08,"[-1.0, 1.0, 1.0]",Anticonformist,0.5,"-1.0,1.0,1.0"
e7yqt270,1.0,3,"['9nom3o3o', 'yhb6j30f', 'yogts1y3']",0.0,s2_n,1,N08,"[-1.0, 1.0, 1.0]",Anticonformist,0.5,"-1.0,1.0,1.0"
e7yqt270,1.0,4,"['xqv346fl', '5hpzljkv', '9nom3o3o']",0.0,s2_n,1,N08,"[-1.0, -1.0, -1.0]",Anticonformist,0.5,"-1.0,-1.0,-1.0"
e7yqt270,1.0,5,"['9nom3o3o', 'k3uyxkex', 'fd57dx7c']",0.0,s2_n,1,N08,"[-1.0, -1.0, 1.0]",Anticonformist,0.5,"-1.0,-1.0,1.0"
e7yqt270,1.0,6,"['9nom3o3o', 'xqv346fl', 'yhb6j30f']",0.0,s2_n,1,N08,"[-1.0, -1.0, -1.0]",Anticonformist,0.5,"-1.0,-1.0,-1.0"
e7yqt270,1.0,7,"['xqv346fl', 'k3uyxkex', 'yhb6j30f']",0.0,s2_n,1,N08,"[-1.0, -1.0, -1.0]",Anticonformist,0.5,"-1.0,-1.0,-1.0"
e7yqt270,1.0,8,"['xqv346fl', 'yogts1y3', 'yhb6j30f']",0.0,s2_n,1,N08,"[1.0, 1.0, -1.0]",Anticonformist,0.5,"1.0,1.0,-1.0"
e7yqt270,0.0,9,"['xqv346fl', 'yogts1y3', 'yhb6j30f']",0.0,s2_n,1,N08,"[1.0, 1.0, -1.0]",Anticonformist,0.5,"1.0,1.0,-1.0"
e7yqt270,0.0,10,"['9nom3o3o', 'yogts1y3', 'fd57dx7c']",0.0,s2_n,1,N08,"[-1.0, 1.0, 1.0]",Anticonformist,0.5,"-1.0,1.0,1.0"
e7yqt270,0.0,11,"['5hpzljkv', 'yogts1y3', 'yhb6j30f']",0.0,s2_n,1,N08,"[-1.0, 1.0, 1.0]",Anticonformist,0.5,"-1.0,1.0,1.0"
e7yqt270,0.0,12,"['9nom3o3o', 'yogts1y3', 'yhb6j30f']",0.0,s2_n,1,N08,"[-1.0, 1.0, 1.0]",Anticonformist,0.5,"-1.0,1.0,1.0"
e7yqt270,0.0,13,"['5hpzljkv', 'fd57dx7c', 'yhb6j30f']",0.0,s2_n,1,N08,"[-1.0, 1.0, -1.0]",Anticonformist,0.5,"-1.0,1.0,-1.0"
e7yqt270,1.0,14,"['k3uyxkex', '5hpzljkv', 'yhb6j30f']",0.0,s2_n,1,N08,"[-1.0, -1.0, 1.0]",Anticonformist,0.5,"-1.0,-1.0,1.0"
e7yqt270,1.0,15,"['k3uyxkex', '9nom3o3o', 'xqv346fl']",0.0,s2_n,1,N08,"[-1.0, -1.0, -1.0]",Anticonformist,0.5,"-1.0,-1.0,-1.0"
e7yqt270,1.0,16,"['5hpzljkv', '9nom3o3o', 'yogts1y3']",0.0,s2_n,1,N08,"[0.0, -1.0, 1.0]",Anticonformist,0.5,"0.0,-1.0,1.0"
e7yqt270,0.0,17,"['xqv346fl', 'yogts1y3', 'yhb6j30f']",0.0,s2_n,1,N08,"[1.0, 1.0, -1.0]",Anticonformist,0.5,"1.0,1.0,-1.0"
e7yqt270,0.0,18,"['5hpzljkv', 'fd57dx7c', 'yogts1y3']",0.0,s2_n,1,N08,"[-1.0, 1.0, 1.0]",Anticonformist,0.5,"-1.0,1.0,1.0"
e7yqt270,1.0,19,"['k3uyxkex', '5hpzljkv', 'yogts1y3']",0.0,s2_n,1,N08,"[-1.0, -1.0, 1.0]",Anticonformist,0.5,"-1.0,-1.0,1.0"
e7yqt270,0.0,20,"['k3uyxkex', 'fd57dx7c', 'yhb6j30f']",0.0,s2_n,1,N08,"[-1.0, 1.0, -1.0]",Anticonformist,0.5,"-1.0,1.0,-1.0"
fd57dx7c,1.0,0,,,s2_n,0,N08,,Conformist,0.5,
fd57dx7c,1.0,1,"['9nom3o3o', 'yhb6j30f', 'yogts1y3']",0.0,s2_n,0,N08,"[-1.0, 1.0, 1.0]",Conformist,0.5,"-1.0,1.0,1.0"
fd57dx7c,1.0,2,"['9nom3o3o', '5hpzljkv', 'yhb6j30f']",0.0,s2_n,0,N08,"[-1.0, -1.0, -1.0]",Conformist,0.5,"-1.0,-1.0,-1.0"
fd57dx7c,1.0,3,"['5hpzljkv', 'k3uyxkex', 'yhb6j30f']",0.0,s2_n,0,N08,"[-1.0, -1.0, 1.0]",Conformist,0.5,"-1.0,-1.0,1.0"
fd57dx7c,1.0,4,"['yogts1y3', 'yhb6j30f', 'e7yqt270']",0.0,s2_n,0,N08,"[1.0, 1.0, 1.0]",Conformist,0.5,"1.0,1.0,1.0"
fd57dx7c,1.0,5,"['k3uyxkex', 'yhb6j30f', 'yogts1y3']",0.0,s2_n,0,N08,"[-1.0, -1.0, 1.0]",Conformist,0.5,"-1.0,-1.0,1.0"
fd57dx7c,1.0,6,"['k3uyxkex', '5hpzljkv', 'yogts1y3']",0.0,s2_n,0,N08,"[-1.0, -1.0, 1.0]",Conformist,0.5,"-1.0,-1.0,1.0"
fd57dx7c,1.0,7,"['yhb6j30f', 'e7yqt270', 'yogts1y3']",0.0,s2_n,0,N08,"[-1.0, 1.0, 1.0]",Conformist,0.5,"-1.0,1.0,1.0"
fd57dx7c,1.0,8,"['k3uyxkex', 'xqv346fl', 'e7yqt270']",0.0,s2_n,0,N08,"[-1.0, 1.0, 1.0]",Conformist,0.5,"-1.0,1.0,1.0"
fd57dx7c,1.0,9,"['5hpzljkv', 'k3uyxkex', 'e7yqt270']",0.0,s2_n,0,N08,"[-1.0, 1.0, 0.0]",Conformist,0.5,"-1.0,1.0,0.0"
fd57dx7c,1.0,10,"['k3uyxkex', 'yhb6j30f', 'yogts1y3']",0.0,s2_n,0,N08,"[1.0, 1.0, 1.0]",Conformist,0.5,"1.0,1.0,1.0"
fd57dx7c,1.0,11,"['5hpzljkv', 'xqv346fl', '9nom3o3o']",0.0,s2_n,0,N08,"[-1.0, 1.0, -1.0]",Conformist,0.5,"-1.0,1.0,-1.0"
fd57dx7c,1.0,12,"['5hpzljkv', 'e7yqt270', 'yhb6j30f']",0.0,s2_n,0,N08,"[-1.0, 0.0, 1.0]",Conformist,0.5,"-1.0,0.0,1.0"
fd57dx7c,1.0,13,"['5hpzljkv', 'yhb6j30f', 'e7yqt270']",0.0,s2_n,0,N08,"[-1.0, -1.0, 0.0]",Conformist,0.5,"-1.0,-1.0,0.0"
fd57dx7c,1.0,14,"['e7yqt270', 'yhb6j30f', 'yogts1y3']",0.0,s2_n,0,N08,"[1.0, 1.0, 1.0]",Conformist,0.5,"1.0,1.0,1.0"
fd57dx7c,1.0,15,"['k3uyxkex', 'e7yqt270', 'yhb6j30f']",0.0,s2_n,0,N08,"[-1.0, 1.0, 1.0]",Conformist,0.5,"-1.0,1.0,1.0"
fd57dx7c,1.0,16,"['5hpzljkv', 'e7yqt270', 'yhb6j30f']",0.0,s2_n,0,N08,"[0.0, 1.0, 1.0]",Conformist,0.5,"0.0,1.0,1.0"
fd57dx7c,1.0,17,"['5hpzljkv', '9nom3o3o', 'xqv346fl']",0.0,s2_n,0,N08,"[0.0, -1.0, 1.0]",Conformist,0.5,"0.0,-1.0,1.0"
fd57dx7c,1.0,18,"['9nom3o3o', 'k3uyxkex', '5hpzljkv']",0.0,s2_n,0,N08,"[-1.0, -1.0, -1.0]",Conformist,0.5,"-1.0,-1.0,-1.0"
fd57dx7c,1.0,19,"['k3uyxkex', '5hpzljkv', 'yogts1y3']",0.0,s2_n,0,N08,"[-1.0, -1.0, 1.0]",Conformist,0.5,"-1.0,-1.0,1.0"
fd57dx7c,1.0,20,"['9nom3o3o', 'k3uyxkex', 'e7yqt270']",0.0,s2_n,0,N08,"[-1.0, -1.0, 0.0]",Conformist,0.5,"-1.0,-1.0,0.0"
k3uyxkex,-1.0,0,,,s2_n,0,N08,,Conformist,0.5,
k3uyxkex,-1.0,1,"['yogts1y3', 'xqv346fl', '9nom3o3o']",0.0,s2_n,0,N08,"[1.0, -1.0, -1.0]",Conformist,0.5,"1.0,-1.0,-1.0"
k3uyxkex,-1.0,2,"['fd57dx7c', 'e7yqt270', '5hpzljkv']",0.0,s2_n,0,N08,"[1.0, 0.0, -1.0]",Conformist,0.5,"1.0,0.0,-1.0"
k3uyxkex,-1.0,3,"['fd57dx7c', '9nom3o3o', 'xqv346fl']",0.0,s2_n,0,N08,"[1.0, -1.0, -1.0]",Conformist,0.5,"1.0,-1.0,-1.0"
k3uyxkex,-1.0,4,"['yogts1y3', '9nom3o3o', '5hpzljkv']",0.0,s2_n,0,N08,"[1.0, -1.0, -1.0]",Conformist,0.5,"1.0,-1.0,-1.0"
k3uyxkex,-1.0,5,"['fd57dx7c', '5hpzljkv', 'xqv346fl']",0.0,s2_n,0,N08,"[1.0, -1.0, -1.0]",Conformist,0.5,"1.0,-1.0,-1.0"
k3uyxkex,-1.0,6,"['fd57dx7c', 'xqv346fl', '5hpzljkv']",0.0,s2_n,0,N08,"[1.0, -1.0, -1.0]",Conformist,0.5,"1.0,-1.0,-1.0"
k3uyxkex,-1.0,7,"['yhb6j30f', '5hpzljkv', 'xqv346fl']",0.0,s2_n,0,N08,"[-1.0, -1.0, -1.0]",Conformist,0.5,"-1.0,-1.0,-1.0"
k3uyxkex,-1.0,8,"['e7yqt270', 'yhb6j30f', '9nom3o3o']",0.0,s2_n,0,N08,"[1.0, -1.0, -1.0]",Conformist,0.5,"1.0,-1.0,-1.0"
k3uyxkex,1.0,9,"['e7yqt270', 'yogts1y3', 'xqv346fl']",0.0,s2_n,0,N08,"[0.0, 1.0, 1.0]",Conformist,0.5,"0.0,1.0,1.0"
k3uyxkex,1.0,10,"['e7yqt270', 'fd57dx7c', 'xqv346fl']",0.0,s2_n,0,N08,"[0.0, 1.0, -1.0]",Conformist,0.5,"0.0,1.0,-1.0"
k3uyxkex,-1.0,11,"['5hpzljkv', 'xqv346fl', '9nom3o3o']",0.0,s2_n,0,N08,"[-1.0, 1.0, -1.0]",Conformist,0.5,"-1.0,1.0,-1.0"
k3uyxkex,1.0,12,"['e7yqt270', 'fd57dx7c', 'yhb6j30f']",0.0,s2_n,0,N08,"[0.0, 1.0, 1.0]",Conformist,0.5,"0.0,1.0,1.0"
k3uyxkex,1.0,13,"['fd57dx7c', 'e7yqt270', 'xqv346fl']",0.0,s2_n,0,N08,"[1.0, 0.0, -1.0]",Conformist,0.5,"1.0,0.0,-1.0"
k3uyxkex,-1.0,14,"['yhb6j30f', '9nom3o3o', 'xqv346fl']",0.0,s2_n,0,N08,"[1.0, -1.0, -1.0]",Conformist,0.5,"1.0,-1.0,-1.0"
k3uyxkex,-1.0,15,"['9nom3o3o', 'xqv346fl', '5hpzljkv']",0.0,s2_n,0,N08,"[-1.0, -1.0, -1.0]",Conformist,0.5,"-1.0,-1.0,-1.0"
k3uyxkex,-1.0,16,"['fd57dx7c', '5hpzljkv', '9nom3o3o']",0.0,s2_n,0,N08,"[1.0, 0.0, -1.0]",Conformist,0.5,"1.0,0.0,-1.0"
k3uyxkex,-1.0,17,"['fd57dx7c', '5hpzljkv', '9nom3o3o']",0.0,s2_n,0,N08,"[1.0, 0.0, -1.0]",Conformist,0.5,"1.0,0.0,-1.0"
k3uyxkex,-1.0,18,"['fd57dx7c', '9nom3o3o', '5hpzljkv']",0.0,s2_n,0,N08,"[1.0, -1.0, -1.0]",Conformist,0.5,"1.0,-1.0,-1.0"
k3uyxkex,-1.0,19,"['fd57dx7c', '9nom3o3o', '5hpzljkv']",0.0,s2_n,0,N08,"[1.0, -1.0, -1.0]",Conformist,0.5,"1.0,-1.0,-1.0"
k3uyxkex,-1.0,20,"['yhb6j30f', '9nom3o3o', 'xqv346fl']",0.0,s2_n,0,N08,"[-1.0, -1.0, 1.0]",Conformist,0.5,"-1.0,-1.0,1.0"
xqv346fl,-1.0,0,,,s2_n,0,N08,,Conformist,0.5,
xqv346fl,-1.0,1,"['fd57dx7c', '9nom3o3o', 'k3uyxkex']",0.0,s2_n,0,N08,"[1.0, -1.0, -1.0]",Conformist,0.5,"1.0,-1.0,-1.0"
xqv346fl,1.0,2,"['yogts1y3', 'yhb6j30f', 'e7yqt270']",0.0,s2_n,0,N08,"[1.0, -1.0, 0.0]",Conformist,0.5,"1.0,-1.0,0.0"
xqv346fl,-1.0,3,"['yhb6j30f', 'e7yqt270', '9nom3o3o']",0.0,s2_n,0,N08,"[1.0, 1.0, -1.0]",Conformist,0.5,"1.0,1.0,-1.0"
xqv346fl,-1.0,4,"['9nom3o3o', 'k3uyxkex', '5hpzljkv']",0.0,s2_n,0,N08,"[-1.0, -1.0, -1.0]",Conformist,0.5,"-1.0,-1.0,-1.0"
xqv346fl,-1.0,5,"['k3uyxkex', '5hpzljkv', '9nom3o3o']",0.0,s2_n,0,N08,"[-1.0, -1.0, -1.0]",Conformist,0.5,"-1.0,-1.0,-1.0"
xqv346fl,-1.0,6,"['fd57dx7c', 'k3uyxkex', '5hpzljkv']",0.0,s2_n,0,N08,"[1.0, -1.0, -1.0]",Conformist,0.5,"1.0,-1.0,-1.0"
xqv346fl,-1.0,7,"['yhb6j30f', 'yogts1y3', '9nom3o3o']",0.0,s2_n,0,N08,"[-1.0, 1.0, -1.0]",Conformist,0.5,"-1.0,1.0,-1.0"
xqv346fl,1.0,8,"['e7yqt270', 'fd57dx7c', '9nom3o3o']",0.0,s2_n,0,N08,"[1.0, 1.0, -1.0]",Conformist,0.5,"1.0,1.0,-1.0"
xqv346fl,1.0,9,"['fd57dx7c', 'yogts1y3', 'k3uyxkex']",0.0,s2_n,0,N08,"[1.0, 1.0, 1.0]",Conformist,0.5,"1.0,1.0,1.0"
xqv346fl,-1.0,10,"['yogts1y3', 'yhb6j30f', '5hpzljkv']",0.0,s2_n,0,N08,"[1.0, 1.0, -1.0]",Conformist,0.5,"1.0,1.0,-1.0"
xqv346fl,1.0,11,"['yhb6j30f', '9nom3o3o', 'k3uyxkex']",0.0,s2_n,0,N08,"[1.0, -1.0, -1.0]",Conformist,0.5,"1.0,-1.0,-1.0"
xqv346fl,1.0,12,"['yhb6j30f', 'yogts1y3', '5hpzljkv']",0.0,s2_n,0,N08,"[1.0, 1.0, -1.0]",Conformist,0.5,"1.0,1.0,-1.0"
xqv346fl,-1.0,13,"['yogts1y3', 'e7yqt270', '9nom3o3o']",0.0,s2_n,0,N08,"[1.0, 0.0, -1.0]",Conformist,0.5,"1.0,0.0,-1.0"
xqv346fl,-1.0,14,"['yhb6j30f', 'e7yqt270', 'k3uyxkex']",0.0,s2_n,0,N08,"[1.0, 1.0, -1.0]",Conformist,0.5,"1.0,1.0,-1.0"
xqv346fl,-1.0,15,"['yhb6j30f', 'k3uyxkex', '9nom3o3o']",0.0,s2_n,0,N08,"[1.0, -1.0, -1.0]",Conformist,0.5,"1.0,-1.0,-1.0"
xqv346fl,1.0,16,"['yhb6j30f', 'fd57dx7c', 'k3uyxkex']",0.0,s2_n,0,N08,"[1.0, 1.0, -1.0]",Conformist,0.5,"1.0,1.0,-1.0"
xqv346fl,1.0,17,"['yogts1y3', 'fd57dx7c', 'e7yqt270']",0.0,s2_n,0,N08,"[1.0, 1.0, 0.0]",Conformist,0.5,"1.0,1.0,0.0"
xqv346fl,0.0,18,"['e7yqt270', 'yogts1y3', '5hpzljkv']",0.0,s2_n,0,N08,"[0.0, 1.0, -1.0]",Conformist,0.5,"0.0,1.0,-1.0"
xqv346fl,-1.0,19,"['yhb6j30f', 'k3uyxkex', '5hpzljkv']",0.0,s2_n,0,N08,"[1.0, -1.0, -1.0]",Conformist,0.5,"1.0,-1.0,-1.0"
xqv346fl,1.0,20,"['yhb6j30f', 'yogts1y3', '5hpzljkv']",0.0,s2_n,0,N08,"[-1.0, 1.0, -1.0]",Conformist,0.5,"-1.0,1.0,-1.0"
yhb6j30f,1.0,0,,,s2_n,0,N08,,Conformist,0.5,
yhb6j30f,1.0,1,"['5hpzljkv', 'yogts1y3', 'fd57dx7c']",0.0,s2_n,0,N08,"[-1.0, 1.0, 1.0]",Conformist,0.5,"-1.0,1.0,1.0"
yhb6j30f,-1.0,2,"['9nom3o3o', '5hpzljkv', 'fd57dx7c']",0.0,s2_n,0,N08,"[-1.0, -1.0, 1.0]",Conformist,0.5,"-1.0,-1.0,1.0"
yhb6j30f,1.0,3,"['9nom3o3o', 'yogts1y3', 'fd57dx7c']",0.0,s2_n,0,N08,"[-1.0, 1.0, 1.0]",Conformist,0.5,"-1.0,1.0,1.0"
yhb6j30f,1.0,4,"['k3uyxkex', 'fd57dx7c', 'e7yqt270']",0.0,s2_n,0,N08,"[-1.0, 1.0, 1.0]",Conformist,0.5,"-1.0,1.0,1.0"
yhb6j30f,-1.0,5,"['9nom3o3o', 'k3uyxkex', 'xqv346fl']",0.0,s2_n,0,N08,"[-1.0, -1.0, -1.0]",Conformist,0.5,"-1.0,-1.0,-1.0"
yhb6j30f,-1.0,6,"['k3uyxkex', '5hpzljkv', 'e7yqt270']",0.0,s2_n,0,N08,"[-1.0, -1.0, 1.0]",Conformist,0.5,"-1.0,-1.0,1.0"
yhb6j30f,-1.0,7,"['xqv346fl', '9nom3o3o', 'yogts1y3']",0.0,s2_n,0,N08,"[-1.0, -1.0, 1.0]",Conformist,0.5,"-1.0,-1.0,1.0"
yhb6j30f,-1.0,8,"['k3uyxkex', 'xqv346fl', 'fd57dx7c']",0.0,s2_n,0,N08,"[-1.0, 1.0, 1.0]",Conformist,0.5,"-1.0,1.0,1.0"
yhb6j30f,-1.0,9,"['k3uyxkex', '9nom3o3o', 'e7yqt270']",0.0,s2_n,0,N08,"[1.0, -1.0, 0.0]",Conformist,0.5,"1.0,-1.0,0.0"
yhb6j30f,1.0,10,"['k3uyxkex', '5hpzljkv', 'xqv346fl']",0.0,s2_n,0,N08,"[1.0, -1.0, -1.0]",Conformist,0.5,"1.0,-1.0,-1.0"
yhb6j30f,1.0,11,"['k3uyxkex', 'xqv346fl', 'fd57dx7c']",0.0,s2_n,0,N08,"[-1.0, 1.0, 1.0]",Conformist,0.5,"-1.0,1.0,1.0"
yhb6j30f,1.0,12,"['fd57dx7c', 'e7yqt270', 'yogts1y3']",0.0,s2_n,0,N08,"[1.0, 0.0, 1.0]",Conformist,0.5,"1.0,0.0,1.0"
yhb6j30f,-1.0,13,"['9nom3o3o', 'e7yqt270', 'fd57dx7c']",0.0,s2_n,0,N08,"[-1.0, 0.0, 1.0]",Conformist,0.5,"-1.0,0.0,1.0"
yhb6j30f,1.0,14,"['fd57dx7c', 'yogts1y3', 'e7yqt270']",0.0,s2_n,0,N08,"[1.0, 1.0, 1.0]",Conformist,0.5,"1.0,1.0,1.0"
yhb6j30f,1.0,15,"['5hpzljkv', 'fd57dx7c', 'yogts1y3']",0.0,s2_n,0,N08,"[-1.0, 1.0, 1.0]",Conformist,0.5,"-1.0,1.0,1.0"
yhb6j30f,1.0,16,"['fd57dx7c', 'yogts1y3', 'e7yqt270']",0.0,s2_n,0,N08,"[1.0, 1.0, 1.0]",Conformist,0.5,"1.0,1.0,1.0"
yhb6j30f,-1.0,17,"['9nom3o3o', 'k3uyxkex', 'fd57dx7c']",0.0,s2_n,0,N08,"[-1.0, -1.0, 1.0]",Conformist,0.5,"-1.0,-1.0,1.0"
yhb6j30f,1.0,18,"['xqv346fl', 'yogts1y3', 'e7yqt270']",0.0,s2_n,0,N08,"[0.0, 1.0, 0.0]",Conformist,0.5,"0.0,1.0,0.0"
yhb6j30f,1.0,19,"['e7yqt270', 'fd57dx7c', 'yogts1y3']",0.0,s2_n,0,N08,"[1.0, 1.0, 1.0]",Conformist,0.5,"1.0,1.0,1.0"
yhb6j30f,-1.0,20,"['xqv346fl', 'k3uyxkex', '9nom3o3o']",0.0,s2_n,0,N08,"[1.0, -1.0, -1.0]",Conformist,0.5,"1.0,-1.0,-1.0"
yogts1y3,1.0,0,,,s2_n,0,N08,,Conformist,0.5,
yogts1y3,1.0,1,"['k3uyxkex', 'fd57dx7c', 'e7yqt270']",0.0,s2_n,0,N08,"[-1.0, 1.0, 0.0]",Conformist,0.5,"-1.0,1.0,0.0"
yogts1y3,1.0,2,"['xqv346fl', '5hpzljkv', '9nom3o3o']",0.0,s2_n,0,N08,"[1.0, -1.0, -1.0]",Conformist,0.5,"1.0,-1.0,-1.0"
yogts1y3,1.0,3,"['xqv346fl', '5hpzljkv', 'yhb6j30f']",0.0,s2_n,0,N08,"[-1.0, -1.0, 1.0]",Conformist,0.5,"-1.0,-1.0,1.0"
yogts1y3,1.0,4,"['k3uyxkex', 'fd57dx7c', 'e7yqt270']",0.0,s2_n,0,N08,"[-1.0, 1.0, 1.0]",Conformist,0.5,"-1.0,1.0,1.0"
yogts1y3,1.0,5,"['9nom3o3o', 'fd57dx7c', 'yhb6j30f']",0.0,s2_n,0,N08,"[-1.0, 1.0, -1.0]",Conformist,0.5,"-1.0,1.0,-1.0"
yogts1y3,1.0,6,"['yhb6j30f', 'e7yqt270', 'fd57dx7c']",0.0,s2_n,0,N08,"[-1.0, 1.0, 1.0]",Conformist,0.5,"-1.0,1.0,1.0"
yogts1y3,1.0,7,"['9nom3o3o', '5hpzljkv', 'yhb6j30f']",0.0,s2_n,0,N08,"[-1.0, -1.0, -1.0]",Conformist,0.5,"-1.0,-1.0,-1.0"
yogts1y3,1.0,8,"['xqv346fl', '5hpzljkv', 'k3uyxkex']",0.0,s2_n,0,N08,"[1.0, -1.0, -1.0]",Conformist,0.5,"1.0,-1.0,-1.0"
yogts1y3,1.0,9,"['k3uyxkex', '9nom3o3o', '5hpzljkv']",0.0,s2_n,0,N08,"[1.0, -1.0, -1.0]",Conformist,0.5,"1.0,-1.0,-1.0"
yogts1y3,1.0,10,"['fd57dx7c', 'yhb6j30f', 'e7yqt270']",0.0,s2_n,0,N08,"[1.0, 1.0, 0.0]",Conformist,0.5,"1.0,1.0,0.0"
yogts1y3,1.0,11,"['5hpzljkv', 'fd57dx7c', 'e7yqt270']",0.0,s2_n,0,N08,"[-1.0, 1.0, 0.0]",Conformist,0.5,"-1.0,1.0,0.0"
yogts1y3,1.0,12,"['k3uyxkex', '9nom3o3o', 'yhb6j30f']",0.0,s2_n,0,N08,"[1.0, -1.0, 1.0]",Conformist,0.5,"1.0,-1.0,1.0"
yogts1y3,1.0,13,"['9nom3o3o', 'xqv346fl', 'e7yqt270']",0.0,s2_n,0,N08,"[-1.0, -1.0, 0.0]",Conformist,0.5,"-1.0,-1.0,0.0"
yogts1y3,1.0,14,"['5hpzljkv', 'xqv346fl', 'e7yqt270']",0.0,s2_n,0,N08,"[-1.0, -1.0, 1.0]",Conformist,0.5,"-1.0,-1.0,1.0"
yogts1y3,1.0,15,"['5hpzljkv', 'fd57dx7c', 'yhb6j30f']",0.0,s2_n,0,N08,"[-1.0, 1.0, 1.0]",Conformist,0.5,"-1.0,1.0,1.0"
yogts1y3,1.0,16,"['9nom3o3o', 'k3uyxkex', 'e7yqt270']",0.0,s2_n,0,N08,"[-1.0, -1.0, 1.0]",Conformist,0.5,"-1.0,-1.0,1.0"
yogts1y3,1.0,17,"['9nom3o3o', 'fd57dx7c', 'e7yqt270']",0.0,s2_n,0,N08,"[-1.0, 1.0, 0.0]",Conformist,0.5,"-1.0,1.0,0.0"
yogts1y3,1.0,18,"['9nom3o3o', 'e7yqt270', 'fd57dx7c']",0.0,s2_n,0,N08,"[-1.0, 0.0, 1.0]",Conformist,0.5,"-1.0,0.0,1.0"
yogts1y3,1.0,19,"['9nom3o3o', 'yhb6j30f', 'fd57dx7c']",0.0,s2_n,0,N08,"[-1.0, 1.0, 1.0]",Conformist,0.5,"-1.0,1.0,1.0"
yogts1y3,1.0,20,"['9nom3o3o', 'k3uyxkex', 'yhb6j30f']",0.0,s2_n,0,N08,"[-1.0, -1.0, -1.0]",Conformist,0.5,"-1.0,-1.0,-1.0"
