session_code,participant_id_in_session,participant_code,page_index,app_name,page_name,epoch_time_completed,round_number,timeout_happened,is_wait_page
hlacp96q,1,5npfo9gc,0,,InitializeParticipant,1754495734,1,0,0
hlacp96q,2,j53a2bxt,0,,InitializeParticipant,1754499688,1,0,0
hlacp96q,3,ehreyk3k,0,,InitializeParticipant,1754499691,1,0,0
hlacp96q,4,lm1y9wdo,0,,InitializeParticipant,1754499695,1,0,0
hlacp96q,4,lm1y9wdo,1,presurvey,Introduction,1754499699,1,0,0
hlacp96q,5,4oo5xrrs,0,,InitializeParticipant,1754499705,1,0,0
hlacp96q,2,j53a2bxt,1,presurvey,Introduction,1754499706,1,0,0
hlacp96q,4,lm1y9wdo,2,presurvey,Demographics,1754499708,1,0,0
hlacp96q,2,j53a2bxt,2,presurvey,Demographics,1754499714,1,0,0
hlacp96q,6,pt8ph4b2,0,,InitializeParticipant,1754499716,1,0,0
hlacp96q,6,pt8ph4b2,1,presurvey,Introduction,1754499722,1,0,0
hlacp96q,5,4oo5xrrs,1,presurvey,Introduction,1754499728,1,0,0
hlacp96q,4,lm1y9wdo,3,presurvey,NeighborhoodInstruction,1754499738,1,0,0
hlacp96q,5,4oo5xrrs,2,presurvey,Demographics,1754499740,1,0,0
hlacp96q,6,pt8ph4b2,2,presurvey,Demographics,1754499744,1,0,0
hlacp96q,3,ehreyk3k,1,presurvey,Introduction,1754499747,1,0,0
hlacp96q,2,j53a2bxt,3,presurvey,NeighborhoodInstruction,1754499748,1,0,0
hlacp96q,3,ehreyk3k,2,presurvey,Demographics,1754499758,1,0,0
hlacp96q,4,lm1y9wdo,4,presurvey,Training,1754499758,1,0,0
hlacp96q,3,ehreyk3k,3,presurvey,NeighborhoodInstruction,1754499767,1,0,0
hlacp96q,2,j53a2bxt,4,presurvey,Training,1754499768,1,0,0
hlacp96q,4,lm1y9wdo,5,presurvey,TrainingNeighbor_1,1754499775,1,0,0
hlacp96q,3,ehreyk3k,4,presurvey,Training,1754499778,1,0,0
hlacp96q,4,lm1y9wdo,9,presurvey,ExperimentInstruction,1754499781,1,0,0
hlacp96q,2,j53a2bxt,5,presurvey,TrainingNeighbor_1,1754499783,1,0,0
hlacp96q,7,vl2hqemp,0,,InitializeParticipant,1754499790,1,0,0
hlacp96q,6,pt8ph4b2,3,presurvey,NeighborhoodInstruction,1754499791,1,0,0
hlacp96q,2,j53a2bxt,9,presurvey,ExperimentInstruction,1754499793,1,0,0
hlacp96q,7,vl2hqemp,1,presurvey,Introduction,1754499795,1,0,0
hlacp96q,5,4oo5xrrs,3,presurvey,NeighborhoodInstruction,1754499800,1,0,0
hlacp96q,3,ehreyk3k,5,presurvey,TrainingNeighbor_1,1754499804,1,0,0
hlacp96q,7,vl2hqemp,2,presurvey,Demographics,1754499809,1,0,0
hlacp96q,3,ehreyk3k,9,presurvey,ExperimentInstruction,1754499810,1,0,0
hlacp96q,2,j53a2bxt,10,presurvey,Scenario,1754499813,1,0,0
hlacp96q,6,pt8ph4b2,4,presurvey,Training,1754499815,1,0,0
hlacp96q,3,ehreyk3k,10,presurvey,Scenario,1754499826,1,0,0
hlacp96q,4,lm1y9wdo,10,presurvey,Scenario,1754499830,1,0,0
hlacp96q,2,j53a2bxt,11,presurvey,Commitment,1754499833,1,0,0
hlacp96q,7,vl2hqemp,3,presurvey,NeighborhoodInstruction,1754499839,1,0,0
hlacp96q,5,4oo5xrrs,4,presurvey,Training,1754499845,1,0,0
hlacp96q,8,945kbiht,0,,InitializeParticipant,1754499846,1,0,0
hlacp96q,3,ehreyk3k,11,presurvey,Commitment,1754499851,1,0,0
hlacp96q,6,pt8ph4b2,5,presurvey,TrainingNeighbor_1,1754499862,1,0,0
hlacp96q,9,v878cfyz,0,,InitializeParticipant,1754499864,1,0,0
hlacp96q,6,pt8ph4b2,9,presurvey,ExperimentInstruction,1754499866,1,0,0
hlacp96q,10,j2ew97fn,0,,InitializeParticipant,1754499876,1,0,0
hlacp96q,9,v878cfyz,1,presurvey,Introduction,1754499881,1,0,0
hlacp96q,11,irs8uhi3,0,,InitializeParticipant,1754499881,1,0,0
hlacp96q,5,4oo5xrrs,5,presurvey,TrainingNeighbor_1,1754499884,1,0,0
hlacp96q,7,vl2hqemp,4,presurvey,Training,1754499886,1,0,0
hlacp96q,9,v878cfyz,2,presurvey,Demographics,1754499895,1,0,0
hlacp96q,10,j2ew97fn,1,presurvey,Introduction,1754499896,1,0,0
hlacp96q,6,pt8ph4b2,10,presurvey,Scenario,1754499907,1,0,0
hlacp96q,7,vl2hqemp,5,presurvey,TrainingNeighbor_1,1754499908,1,0,0
hlacp96q,10,j2ew97fn,2,presurvey,Demographics,1754499909,1,0,0
hlacp96q,12,qab2pqsu,0,,InitializeParticipant,1754499924,1,0,0
hlacp96q,10,j2ew97fn,3,presurvey,NeighborhoodInstruction,1754499928,1,0,0
hlacp96q,6,pt8ph4b2,11,presurvey,Commitment,1754499937,1,0,0
hlacp96q,9,v878cfyz,3,presurvey,NeighborhoodInstruction,1754499940,1,0,0
hlacp96q,7,vl2hqemp,9,presurvey,ExperimentInstruction,1754499945,1,0,0
hlacp96q,5,4oo5xrrs,9,presurvey,ExperimentInstruction,1754499947,1,0,0
hlacp96q,8,945kbiht,1,presurvey,Introduction,1754499952,1,0,0
hlacp96q,8,945kbiht,2,presurvey,Demographics,1754499957,1,0,0
hlacp96q,12,qab2pqsu,1,presurvey,Introduction,1754499961,1,0,0
hlacp96q,10,j2ew97fn,4,presurvey,Training,1754499962,1,0,0
hlacp96q,12,qab2pqsu,2,presurvey,Demographics,1754499976,1,0,0
hlacp96q,13,xjz89vhj,0,,InitializeParticipant,1754499978,1,0,0
hlacp96q,5,4oo5xrrs,10,presurvey,Scenario,1754499989,1,0,0
hlacp96q,13,xjz89vhj,1,presurvey,Introduction,1754499989,1,0,0
hlacp96q,9,v878cfyz,4,presurvey,Training,1754499993,1,0,0
hlacp96q,7,vl2hqemp,10,presurvey,Scenario,1754499996,1,0,0
hlacp96q,10,j2ew97fn,5,presurvey,TrainingNeighbor_1,1754500002,1,0,0
hlacp96q,12,qab2pqsu,3,presurvey,NeighborhoodInstruction,1754500003,1,0,0
hlacp96q,13,xjz89vhj,2,presurvey,Demographics,1754500007,1,0,0
hlacp96q,10,j2ew97fn,9,presurvey,ExperimentInstruction,1754500008,1,0,0
hlacp96q,8,945kbiht,3,presurvey,NeighborhoodInstruction,1754500020,1,0,0
hlacp96q,12,qab2pqsu,4,presurvey,Training,1754500029,1,0,0
hlacp96q,13,xjz89vhj,3,presurvey,NeighborhoodInstruction,1754500034,1,0,0
hlacp96q,8,945kbiht,4,presurvey,Training,1754500042,1,0,0
hlacp96q,5,4oo5xrrs,11,presurvey,Commitment,1754500049,1,0,0
hlacp96q,10,j2ew97fn,10,presurvey,Scenario,1754500058,1,0,0
hlacp96q,9,v878cfyz,5,presurvey,TrainingNeighbor_1,1754500069,1,0,0
hlacp96q,13,xjz89vhj,4,presurvey,Training,1754500069,1,0,0
hlacp96q,10,j2ew97fn,11,presurvey,Commitment,1754500074,1,0,0
hlacp96q,9,v878cfyz,6,presurvey,TrainingNeighbor_2,1754500085,1,0,0
hlacp96q,8,945kbiht,5,presurvey,TrainingNeighbor_1,1754500086,1,0,0
hlacp96q,14,gshxuqlh,0,,InitializeParticipant,1754500091,1,0,0
hlacp96q,12,qab2pqsu,5,presurvey,TrainingNeighbor_1,1754500091,1,0,0
hlacp96q,14,gshxuqlh,1,presurvey,Introduction,1754500098,1,0,0
hlacp96q,8,945kbiht,9,presurvey,ExperimentInstruction,1754500102,1,0,0
hlacp96q,14,gshxuqlh,2,presurvey,Demographics,1754500108,1,0,0
hlacp96q,12,qab2pqsu,9,presurvey,ExperimentInstruction,1754500109,1,0,0
hlacp96q,9,v878cfyz,9,presurvey,ExperimentInstruction,1754500113,1,0,0
hlacp96q,12,qab2pqsu,10,presurvey,Scenario,1754500147,1,0,0
hlacp96q,14,gshxuqlh,3,presurvey,NeighborhoodInstruction,1754500157,1,0,0
hlacp96q,8,945kbiht,10,presurvey,Scenario,1754500161,1,0,0
hlacp96q,9,v878cfyz,10,presurvey,Scenario,1754500183,1,0,0
hlacp96q,8,945kbiht,11,presurvey,Commitment,1754500193,1,0,0
hlacp96q,13,xjz89vhj,5,presurvey,TrainingNeighbor_1,1754500208,1,0,0
hlacp96q,14,gshxuqlh,4,presurvey,Training,1754500214,1,0,0
hlacp96q,13,xjz89vhj,9,presurvey,ExperimentInstruction,1754500215,1,0,0
hlacp96q,14,gshxuqlh,5,presurvey,TrainingNeighbor_1,1754500254,1,0,0
hlacp96q,13,xjz89vhj,10,presurvey,Scenario,1754500255,1,0,0
hlacp96q,14,gshxuqlh,9,presurvey,ExperimentInstruction,1754500263,1,0,0
hlacp96q,14,gshxuqlh,10,presurvey,Scenario,1754500309,1,0,0
hlacp96q,13,xjz89vhj,11,presurvey,Commitment,1754500350,1,0,0
hlacp96q,15,mex7po9g,0,,InitializeParticipant,1754500362,1,0,0
hlacp96q,15,mex7po9g,1,presurvey,Introduction,1754500384,1,0,0
hlacp96q,15,mex7po9g,2,presurvey,Demographics,1754500391,1,0,0
hlacp96q,15,mex7po9g,3,presurvey,NeighborhoodInstruction,1754500421,1,0,0
hlacp96q,2,j53a2bxt,12,mock,GroupingWaitPage,1754500434,1,0,1
hlacp96q,2,j53a2bxt,13,mock,GroupSizeWaitPage,1754500434,1,0,1
hlacp96q,16,98gnk14z,0,,InitializeParticipant,1754500441,1,0,0
hlacp96q,15,mex7po9g,4,presurvey,Training,1754500453,1,0,0
hlacp96q,3,ehreyk3k,12,mock,GroupingWaitPage,1754500453,1,0,1
hlacp96q,3,ehreyk3k,13,mock,GroupSizeWaitPage,1754500453,1,0,1
hlacp96q,16,98gnk14z,1,presurvey,Introduction,1754500477,1,0,0
hlacp96q,15,mex7po9g,5,presurvey,TrainingNeighbor_1,1754500505,1,0,0
hlacp96q,16,98gnk14z,2,presurvey,Demographics,1754500508,1,0,0
hlacp96q,15,mex7po9g,9,presurvey,ExperimentInstruction,1754500515,1,0,0
hlacp96q,15,mex7po9g,10,presurvey,Scenario,1754500554,1,0,0
hlacp96q,17,5ykwcq7s,0,,InitializeParticipant,1754500627,1,0,0
hlacp96q,5,4oo5xrrs,12,mock,GroupingWaitPage,1754500651,1,0,1
hlacp96q,5,4oo5xrrs,13,mock,GroupSizeWaitPage,1754500651,1,0,1
hlacp96q,18,oyz39m09,0,,InitializeParticipant,1754500652,1,0,0
hlacp96q,18,oyz39m09,1,presurvey,Introduction,1754500660,1,0,0
hlacp96q,17,5ykwcq7s,1,presurvey,Introduction,1754500667,1,0,0
hlacp96q,18,oyz39m09,2,presurvey,Demographics,1754500672,1,0,0
hlacp96q,10,j2ew97fn,12,mock,GroupingWaitPage,1754500678,1,0,1
hlacp96q,10,j2ew97fn,13,mock,GroupSizeWaitPage,1754500680,1,0,1
hlacp96q,17,5ykwcq7s,2,presurvey,Demographics,1754500683,1,0,0
hlacp96q,17,5ykwcq7s,3,presurvey,NeighborhoodInstruction,1754500719,1,0,0
hlacp96q,16,98gnk14z,3,presurvey,NeighborhoodInstruction,1754500742,1,0,0
hlacp96q,17,5ykwcq7s,4,presurvey,Training,1754500747,1,0,0
hlacp96q,6,pt8ph4b2,12,mock,GroupingWaitPage,1754500769,1,0,1
hlacp96q,16,98gnk14z,4,presurvey,Training,1754500769,1,0,0
hlacp96q,6,pt8ph4b2,13,mock,GroupSizeWaitPage,1754500771,1,0,1
hlacp96q,18,oyz39m09,3,presurvey,NeighborhoodInstruction,1754500782,1,0,0
hlacp96q,19,wuyhlnmb,0,,InitializeParticipant,1754500787,1,0,0
hlacp96q,19,wuyhlnmb,1,presurvey,Introduction,1754500790,1,0,0
hlacp96q,17,5ykwcq7s,5,presurvey,TrainingNeighbor_1,1754500791,1,0,0
hlacp96q,16,98gnk14z,5,presurvey,TrainingNeighbor_1,1754500794,1,0,0
hlacp96q,19,wuyhlnmb,2,presurvey,Demographics,1754500798,1,0,0
hlacp96q,8,945kbiht,12,mock,GroupingWaitPage,1754500801,1,0,1
hlacp96q,8,945kbiht,13,mock,GroupSizeWaitPage,1754500801,1,0,1
hlacp96q,17,5ykwcq7s,9,presurvey,ExperimentInstruction,1754500810,1,0,0
hlacp96q,19,wuyhlnmb,3,presurvey,NeighborhoodInstruction,1754500813,1,0,0
hlacp96q,19,wuyhlnmb,4,presurvey,Training,1754500833,1,0,0
hlacp96q,17,5ykwcq7s,10,presurvey,Scenario,1754500837,1,0,0
hlacp96q,19,wuyhlnmb,5,presurvey,TrainingNeighbor_1,1754500850,1,0,0
hlacp96q,19,wuyhlnmb,9,presurvey,ExperimentInstruction,1754500856,1,0,0
hlacp96q,16,98gnk14z,9,presurvey,ExperimentInstruction,1754500867,1,0,0
hlacp96q,17,5ykwcq7s,11,presurvey,Commitment,1754500881,1,0,0
hlacp96q,19,wuyhlnmb,10,presurvey,Scenario,1754500881,1,0,0
hlacp96q,16,98gnk14z,10,presurvey,Scenario,1754500891,1,0,0
hlacp96q,18,oyz39m09,4,presurvey,Training,1754500935,1,0,0
hlacp96q,16,98gnk14z,11,presurvey,Commitment,1754500948,1,0,0
hlacp96q,18,oyz39m09,5,presurvey,TrainingNeighbor_1,1754500962,1,0,0
hlacp96q,13,xjz89vhj,12,mock,GroupingWaitPage,1754500969,1,0,1
hlacp96q,13,xjz89vhj,13,mock,GroupSizeWaitPage,1754500970,1,0,1
hlacp96q,18,oyz39m09,6,presurvey,TrainingNeighbor_2,1754500999,1,0,0
hlacp96q,18,oyz39m09,7,presurvey,AttentionCheck,1754501012,1,0,0
hlacp96q,18,oyz39m09,8,presurvey,TrainingNeighbor_3,1754501021,1,0,0
hlacp96q,18,oyz39m09,9,presurvey,ExperimentInstruction,1754501029,1,0,0
hlacp96q,18,oyz39m09,10,presurvey,Scenario,1754501157,1,0,0
hlacp96q,20,rfa1le93,0,,InitializeParticipant,1754501302,1,0,0
hlacp96q,17,5ykwcq7s,12,mock,GroupingWaitPage,1754501487,1,0,1
hlacp96q,17,5ykwcq7s,13,mock,GroupSizeWaitPage,1754501488,1,0,1
hlacp96q,16,98gnk14z,12,mock,GroupingWaitPage,1754501553,1,0,1
hlacp96q,16,98gnk14z,13,mock,GroupSizeWaitPage,1754501555,1,0,1
hlacp96q,21,xqc7iz80,0,,InitializeParticipant,1754501798,1,0,0
hlacp96q,21,xqc7iz80,1,presurvey,Introduction,1754501801,1,0,0
hlacp96q,21,xqc7iz80,2,presurvey,Demographics,1754501808,1,0,0
hlacp96q,21,xqc7iz80,3,presurvey,NeighborhoodInstruction,1754501814,1,0,0
hlacp96q,21,xqc7iz80,4,presurvey,Training,1754501821,1,0,0
hlacp96q,21,xqc7iz80,5,presurvey,TrainingNeighbor_1,1754501856,1,0,0
hlacp96q,21,xqc7iz80,9,presurvey,ExperimentInstruction,1754501860,1,0,0
hlacp96q,21,xqc7iz80,10,presurvey,Scenario,1754501868,1,0,0
hlacp96q,21,xqc7iz80,11,presurvey,Commitment,1754501876,1,0,0
hlacp96q,22,r5q4semn,0,,InitializeParticipant,1754501923,1,0,0
hlacp96q,22,r5q4semn,1,presurvey,Introduction,1754501981,1,0,0
hlacp96q,22,r5q4semn,2,presurvey,Demographics,1754502005,1,0,0
hlacp96q,23,vg21jplj,0,,InitializeParticipant,1754502161,1,0,0
hlacp96q,23,vg21jplj,1,presurvey,Introduction,1754502166,1,0,0
hlacp96q,23,vg21jplj,2,presurvey,Demographics,1754502173,1,0,0
hlacp96q,23,vg21jplj,3,presurvey,NeighborhoodInstruction,1754502199,1,0,0
hlacp96q,23,vg21jplj,4,presurvey,Training,1754502219,1,0,0
hlacp96q,22,r5q4semn,3,presurvey,NeighborhoodInstruction,1754502224,1,0,0
hlacp96q,23,vg21jplj,5,presurvey,TrainingNeighbor_1,1754502248,1,0,0
hlacp96q,23,vg21jplj,9,presurvey,ExperimentInstruction,1754502256,1,0,0
hlacp96q,22,r5q4semn,4,presurvey,Training,1754502270,1,0,0
hlacp96q,23,vg21jplj,10,presurvey,Scenario,1754502279,1,0,0
hlacp96q,23,vg21jplj,11,presurvey,Commitment,1754502307,1,0,0
hlacp96q,22,r5q4semn,5,presurvey,TrainingNeighbor_1,1754502318,1,0,0
hlacp96q,24,50uvv8lz,0,,InitializeParticipant,1754502334,1,0,0
hlacp96q,25,fhroig93,0,,InitializeParticipant,1754502338,1,0,0
hlacp96q,22,r5q4semn,6,presurvey,TrainingNeighbor_2,1754502340,1,0,0
hlacp96q,24,50uvv8lz,1,presurvey,Introduction,1754502376,1,0,0
hlacp96q,24,50uvv8lz,2,presurvey,Demographics,1754502391,1,0,0
hlacp96q,24,50uvv8lz,3,presurvey,NeighborhoodInstruction,1754502413,1,0,0
hlacp96q,24,50uvv8lz,4,presurvey,Training,1754502465,1,0,0
hlacp96q,26,av3v0gu1,0,,InitializeParticipant,1754502477,1,0,0
hlacp96q,26,av3v0gu1,1,presurvey,Introduction,1754502486,1,0,0
hlacp96q,26,av3v0gu1,2,presurvey,Demographics,1754502491,1,0,0
hlacp96q,26,av3v0gu1,3,presurvey,NeighborhoodInstruction,1754502505,1,0,0
hlacp96q,26,av3v0gu1,4,presurvey,Training,1754502527,1,0,0
hlacp96q,24,50uvv8lz,5,presurvey,TrainingNeighbor_1,1754502536,1,0,0
hlacp96q,26,av3v0gu1,5,presurvey,TrainingNeighbor_1,1754502544,1,0,0
hlacp96q,24,50uvv8lz,9,presurvey,ExperimentInstruction,1754502549,1,0,0
hlacp96q,26,av3v0gu1,6,presurvey,TrainingNeighbor_2,1754502552,1,0,0
hlacp96q,26,av3v0gu1,9,presurvey,ExperimentInstruction,1754502557,1,0,0
hlacp96q,26,av3v0gu1,10,presurvey,Scenario,1754502573,1,0,0
hlacp96q,24,50uvv8lz,10,presurvey,Scenario,1754502584,1,0,0
hlacp96q,26,av3v0gu1,11,presurvey,Commitment,1754502591,1,0,0
hlacp96q,24,50uvv8lz,11,presurvey,Commitment,1754502815,1,0,0
hlacp96q,22,r5q4semn,9,presurvey,ExperimentInstruction,1754502853,1,0,0
hlacp96q,22,r5q4semn,10,presurvey,Scenario,1754502889,1,0,0
hlacp96q,23,vg21jplj,12,mock,GroupingWaitPage,1754502913,1,0,1
hlacp96q,23,vg21jplj,13,mock,GroupSizeWaitPage,1754502913,1,0,1
hlacp96q,27,u24mlro4,0,,InitializeParticipant,1754502944,1,0,0
hlacp96q,22,r5q4semn,11,presurvey,Commitment,1754502968,1,0,0
hlacp96q,28,6znw6k2t,0,,InitializeParticipant,1754503077,1,0,0
hlacp96q,29,0g7y4yj3,0,,InitializeParticipant,1754503087,1,0,0
hlacp96q,28,6znw6k2t,1,presurvey,Introduction,1754503088,1,0,0
hlacp96q,29,0g7y4yj3,1,presurvey,Introduction,1754503093,1,0,0
hlacp96q,28,6znw6k2t,2,presurvey,Demographics,1754503101,1,0,0
hlacp96q,29,0g7y4yj3,2,presurvey,Demographics,1754503105,1,0,0
hlacp96q,30,ckgjmbqd,0,,InitializeParticipant,1754503150,1,0,0
hlacp96q,29,0g7y4yj3,3,presurvey,NeighborhoodInstruction,1754503158,1,0,0
hlacp96q,28,6znw6k2t,3,presurvey,NeighborhoodInstruction,1754503177,1,0,0
hlacp96q,30,ckgjmbqd,1,presurvey,Introduction,1754503180,1,0,0
hlacp96q,30,ckgjmbqd,2,presurvey,Demographics,1754503190,1,0,0
hlacp96q,26,av3v0gu1,12,mock,GroupingWaitPage,1754503195,1,0,1
hlacp96q,26,av3v0gu1,13,mock,GroupSizeWaitPage,1754503195,1,0,1
hlacp96q,29,0g7y4yj3,4,presurvey,Training,1754503196,1,0,0
hlacp96q,28,6znw6k2t,4,presurvey,Training,1754503213,1,0,0
hlacp96q,30,ckgjmbqd,3,presurvey,NeighborhoodInstruction,1754503218,1,0,0
hlacp96q,31,1us6wtrd,0,,InitializeParticipant,1754503234,1,0,0
hlacp96q,29,0g7y4yj3,5,presurvey,TrainingNeighbor_1,1754503234,1,0,0
hlacp96q,31,1us6wtrd,1,presurvey,Introduction,1754503250,1,0,0
hlacp96q,30,ckgjmbqd,4,presurvey,Training,1754503253,1,0,0
hlacp96q,28,6znw6k2t,5,presurvey,TrainingNeighbor_1,1754503257,1,0,0
hlacp96q,31,1us6wtrd,2,presurvey,Demographics,1754503258,1,0,0
hlacp96q,28,6znw6k2t,9,presurvey,ExperimentInstruction,1754503298,1,0,0
hlacp96q,30,ckgjmbqd,5,presurvey,TrainingNeighbor_1,1754503305,1,0,0
hlacp96q,28,6znw6k2t,10,presurvey,Scenario,1754503340,1,0,0
hlacp96q,30,ckgjmbqd,6,presurvey,TrainingNeighbor_2,1754503360,1,0,0
hlacp96q,31,1us6wtrd,3,presurvey,NeighborhoodInstruction,1754503361,1,0,0
hlacp96q,30,ckgjmbqd,7,presurvey,AttentionCheck,1754503380,1,0,0
hlacp96q,31,1us6wtrd,4,presurvey,Training,1754503398,1,0,0
hlacp96q,31,1us6wtrd,5,presurvey,TrainingNeighbor_1,1754503417,1,0,0
hlacp96q,31,1us6wtrd,6,presurvey,TrainingNeighbor_2,1754503429,1,0,0
hlacp96q,31,1us6wtrd,9,presurvey,ExperimentInstruction,1754503442,1,0,0
hlacp96q,32,mrs3zm10,0,,InitializeParticipant,1754503456,1,0,0
hlacp96q,32,mrs3zm10,1,presurvey,Introduction,1754503469,1,0,0
hlacp96q,30,ckgjmbqd,8,presurvey,TrainingNeighbor_3,1754503474,1,0,0
hlacp96q,32,mrs3zm10,2,presurvey,Demographics,1754503486,1,0,0
hlacp96q,31,1us6wtrd,10,presurvey,Scenario,1754503490,1,0,0
hlacp96q,31,1us6wtrd,11,presurvey,Commitment,1754503532,1,0,0
hlacp96q,32,mrs3zm10,3,presurvey,NeighborhoodInstruction,1754503538,1,0,0
hlacp96q,32,mrs3zm10,4,presurvey,Training,1754503560,1,0,0
hlacp96q,22,r5q4semn,12,mock,GroupingWaitPage,1754503579,1,0,1
hlacp96q,22,r5q4semn,13,mock,GroupSizeWaitPage,1754503580,1,0,1
hlacp96q,32,mrs3zm10,5,presurvey,TrainingNeighbor_1,1754503620,1,0,0
hlacp96q,33,n5pzc0yp,0,,InitializeParticipant,1754503658,1,0,0
hlacp96q,32,mrs3zm10,9,presurvey,ExperimentInstruction,1754503669,1,0,0
hlacp96q,33,n5pzc0yp,1,presurvey,Introduction,1754503679,1,0,0
hlacp96q,33,n5pzc0yp,2,presurvey,Demographics,1754503693,1,0,0
hlacp96q,34,wev3v0iu,0,,InitializeParticipant,1754503695,1,0,0
hlacp96q,34,wev3v0iu,1,presurvey,Introduction,1754503702,1,0,0
hlacp96q,34,wev3v0iu,2,presurvey,Demographics,1754503713,1,0,0
hlacp96q,32,mrs3zm10,10,presurvey,Scenario,1754503739,1,0,0
hlacp96q,32,mrs3zm10,11,presurvey,Commitment,1754503770,1,0,0
hlacp96q,33,n5pzc0yp,3,presurvey,NeighborhoodInstruction,1754503771,1,0,0
hlacp96q,33,n5pzc0yp,4,presurvey,Training,1754503790,1,0,0
hlacp96q,33,n5pzc0yp,5,presurvey,TrainingNeighbor_1,1754503840,1,0,0
hlacp96q,33,n5pzc0yp,9,presurvey,ExperimentInstruction,1754503848,1,0,0
hlacp96q,33,n5pzc0yp,10,presurvey,Scenario,1754503888,1,0,0
hlacp96q,34,wev3v0iu,3,presurvey,NeighborhoodInstruction,1754503994,1,0,0
hlacp96q,34,wev3v0iu,4,presurvey,Training,1754504029,1,0,0
hlacp96q,34,wev3v0iu,5,presurvey,TrainingNeighbor_1,1754504098,1,0,0
hlacp96q,34,wev3v0iu,6,presurvey,TrainingNeighbor_2,1754504125,1,0,0
hlacp96q,31,1us6wtrd,12,mock,GroupingWaitPage,1754504142,1,0,1
hlacp96q,31,1us6wtrd,13,mock,GroupSizeWaitPage,1754504142,1,0,1
hlacp96q,34,wev3v0iu,9,presurvey,ExperimentInstruction,1754504148,1,0,0
hlacp96q,34,wev3v0iu,10,presurvey,Scenario,1754504204,1,0,0
hlacp96q,32,mrs3zm10,12,mock,GroupingWaitPage,1754504383,1,0,1
hlacp96q,32,mrs3zm10,13,mock,GroupSizeWaitPage,1754504383,1,0,1
hlacp96q,35,zpntnctl,0,,InitializeParticipant,1754504552,1,0,0
hlacp96q,35,zpntnctl,1,presurvey,Introduction,1754504694,1,0,0
hlacp96q,35,zpntnctl,2,presurvey,Demographics,1754504720,1,0,0
hlacp96q,36,3g3dydjq,0,,InitializeParticipant,1754504748,1,0,0
hlacp96q,35,zpntnctl,3,presurvey,NeighborhoodInstruction,1754504764,1,0,0
hlacp96q,36,3g3dydjq,1,presurvey,Introduction,1754504790,1,0,0
hlacp96q,36,3g3dydjq,2,presurvey,Demographics,1754504799,1,0,0
hlacp96q,35,zpntnctl,4,presurvey,Training,1754504799,1,0,0
hlacp96q,35,zpntnctl,5,presurvey,TrainingNeighbor_1,1754504828,1,0,0
hlacp96q,35,zpntnctl,6,presurvey,TrainingNeighbor_2,1754504861,1,0,0
hlacp96q,35,zpntnctl,9,presurvey,ExperimentInstruction,1754504886,1,0,0
hlacp96q,36,3g3dydjq,3,presurvey,NeighborhoodInstruction,1754504913,1,0,0
hlacp96q,35,zpntnctl,10,presurvey,Scenario,1754504931,1,0,0
hlacp96q,36,3g3dydjq,4,presurvey,Training,1754504950,1,0,0
hlacp96q,37,ienly2lv,0,,InitializeParticipant,1754504976,1,0,0
hlacp96q,36,3g3dydjq,5,presurvey,TrainingNeighbor_1,1754505027,1,0,0
hlacp96q,36,3g3dydjq,9,presurvey,ExperimentInstruction,1754505056,1,0,0
hlacp96q,37,ienly2lv,1,presurvey,Introduction,1754505085,1,0,0
hlacp96q,37,ienly2lv,2,presurvey,Demographics,1754505096,1,0,0
hlacp96q,37,ienly2lv,3,presurvey,NeighborhoodInstruction,1754505141,1,0,0
hlacp96q,37,ienly2lv,4,presurvey,Training,1754505157,1,0,0
hlacp96q,36,3g3dydjq,10,presurvey,Scenario,1754505170,1,0,0
hlacp96q,37,ienly2lv,5,presurvey,TrainingNeighbor_1,1754505179,1,0,0
hlacp96q,37,ienly2lv,6,presurvey,TrainingNeighbor_2,1754505231,1,0,0
hlacp96q,36,3g3dydjq,11,presurvey,Commitment,1754505235,1,0,0
hlacp96q,37,ienly2lv,9,presurvey,ExperimentInstruction,1754505244,1,0,0
hlacp96q,37,ienly2lv,10,presurvey,Scenario,1754505307,1,0,0
hlacp96q,37,ienly2lv,11,presurvey,Commitment,1754505350,1,0,0
hlacp96q,36,3g3dydjq,12,mock,GroupingWaitPage,1754505852,1,0,1
hlacp96q,36,3g3dydjq,13,mock,GroupSizeWaitPage,1754505853,1,0,1
hlacp96q,37,ienly2lv,12,mock,GroupingWaitPage,1754505971,1,0,1
hlacp96q,37,ienly2lv,13,mock,GroupSizeWaitPage,1754505973,1,0,1
hlacp96q,38,hr9j3w9z,0,,InitializeParticipant,1754506829,1,0,0
hlacp96q,38,hr9j3w9z,1,presurvey,Introduction,1754506841,1,0,0
hlacp96q,38,hr9j3w9z,2,presurvey,Demographics,1754506871,1,0,0
hlacp96q,38,hr9j3w9z,3,presurvey,NeighborhoodInstruction,1754506961,1,0,0
hlacp96q,38,hr9j3w9z,4,presurvey,Training,1754507029,1,0,0
hlacp96q,38,hr9j3w9z,5,presurvey,TrainingNeighbor_1,1754507212,1,0,0
hlacp96q,38,hr9j3w9z,6,presurvey,TrainingNeighbor_2,1754507236,1,0,0
hlacp96q,39,qpr34uw7,0,,InitializeParticipant,1754507244,1,0,0
hlacp96q,39,qpr34uw7,1,presurvey,Introduction,1754507258,1,0,0
hlacp96q,39,qpr34uw7,2,presurvey,Demographics,1754507267,1,0,0
hlacp96q,39,qpr34uw7,3,presurvey,NeighborhoodInstruction,1754507271,1,0,0
hlacp96q,39,qpr34uw7,4,presurvey,Training,1754507282,1,0,0
hlacp96q,38,hr9j3w9z,7,presurvey,AttentionCheck,1754507291,1,0,0
hlacp96q,39,qpr34uw7,5,presurvey,TrainingNeighbor_1,1754507297,1,0,0
hlacp96q,39,qpr34uw7,6,presurvey,TrainingNeighbor_2,1754507341,1,0,0
hlacp96q,39,qpr34uw7,7,presurvey,AttentionCheck,1754507350,1,0,0
